City,Lat,Lng,Max Temp,Humidity,Cloudiness,Wind Speed,Country,Date
Kamina,-8.7386,24.9906,72.84,80,18,5.64,CD,1615014396
Punta Arenas,-53.15,-70.9167,55.0,82,90,10.36,CL,1615014397
Carnarvon,-24.8667,113.6333,82.4,78,0,14.97,AU,1615014397
Necochea,-38.5473,-58.7368,48.0,94,14,3.58,AR,1615014397
Busselton,-33.65,115.3333,77.0,73,100,1.99,AU,1615014398
Ifanadiana,-21.3,47.6333,76.39,77,95,2.8,MG,1615014398
Ushuaia,-54.8,-68.3,50.0,81,75,4.61,AR,1615014398
Jamestown,42.097,-79.2353,27.0,97,90,11.9,US,1615014398
Ponta do Sol,32.6667,-17.1,57.99,59,64,5.01,PT,1615014399
Vestmannaeyjar,63.4427,-20.2734,42.8,85,99,1.68,IS,1615014399
Hobyo,5.3505,48.5268,81.39,63,100,19.84,SO,1615014400
Glasgow,55.8652,-4.2576,36.0,80,90,3.44,GB,1615014112
São João da Barra,-21.6403,-41.0511,76.32,84,100,9.91,BR,1615014311
Sept-Îles,50.2001,-66.3821,21.2,68,90,13.8,CA,1615014362
Bredasdorp,-34.5322,20.0403,66.2,88,0,3.44,ZA,1615014401
Cayenne,4.9333,-52.3333,79.0,94,90,11.03,GF,1615014401
Longyearbyen,78.2186,15.6401,6.8,66,20,27.63,SJ,1615014401
Sengiley,53.9622,48.7944,19.4,79,0,11.18,RU,1615014402
Kabare,-2.4683,28.8242,69.89,79,98,1.52,CD,1615014402
Nanortalik,60.1432,-45.2371,32.41,92,100,12.57,GL,1615014402
Goderich,43.7501,-81.7165,28.4,74,100,16.11,CA,1615014403
Bonito,-21.1211,-56.4819,68.59,90,89,5.08,BR,1615014403
Clyde River,70.4692,-68.5914,-20.2,76,1,17.27,CA,1615014196
Upernavik,72.7868,-56.1549,-14.37,87,100,13.85,GL,1615014403
Tarime,-1.35,34.3667,75.2,64,75,5.48,TZ,1615014404
Saint Anthony,45.0205,-93.218,30.0,80,1,3.15,US,1615014404
Nouadhibou,20.931,-17.0347,60.8,82,0,24.16,MR,1615014404
Portobelo,9.55,-79.65,71.01,75,32,3.0,PA,1615014405
Kabompo,-13.5927,24.2008,70.99,82,0,3.69,ZM,1615014405
Olafsvik,64.8945,-23.7142,40.19,82,77,11.79,IS,1615014406
Narón,43.5167,-8.1528,52.0,100,75,11.83,ES,1615014406
Mar del Plata,-38.0023,-57.5575,64.0,64,100,3.0,AR,1615014406
Altamira,-3.2033,-52.2064,72.19,98,100,1.99,BR,1615014406
Sistranda,63.7256,8.834,39.2,87,75,29.93,NO,1615014407
Kudahuvadhoo,2.6708,72.8944,82.56,77,30,10.02,MV,1615014407
George Town,5.4112,100.3354,86.0,65,20,8.05,MY,1615014407
Maracaibo,10.6317,-71.6406,77.77,83,14,7.58,VE,1615014408
Cape Town,-33.9258,18.4232,68.0,72,75,10.36,ZA,1615014410
Codrington,-38.2667,141.9667,60.78,69,73,14.58,AU,1615014410
Ribeira Grande,38.5167,-28.7,60.24,88,100,11.36,PT,1615014410
Dunmore East,52.1514,-6.9861,42.01,70,100,5.01,IE,1615014411
La Baule-Escoublac,47.2922,-2.364,32.0,80,0,10.36,FR,1615014411
Hermanus,-34.4187,19.2345,71.01,75,0,1.01,ZA,1615014411
Igrim,63.1906,64.4162,10.4,95,100,3.51,RU,1615014412
Garoowe,8.4054,48.4845,81.7,28,38,13.4,SO,1615014309
Mpulungu,-8.7623,31.1141,75.67,71,100,1.77,ZM,1615014412
Cidreira,-30.1811,-50.2056,69.17,87,10,10.38,BR,1615014412
Wamba,8.9333,8.6,77.88,21,61,3.0,NG,1615014413
Fes,34.0372,-4.9998,50.0,93,75,3.44,MA,1615014388
Bloomingdale,27.8936,-82.2404,59.0,77,1,4.61,US,1615014414
Saint George,37.1041,-113.5841,57.2,19,1,4.61,US,1615014415
Qaanaaq,77.484,-69.3632,-16.94,67,0,3.98,GL,1615014415
Alikalia,9.1667,-11.4,67.95,97,12,2.28,SL,1615014416
São Filipe,14.8961,-24.4956,70.02,78,73,10.6,CV,1615014417
Ābyek,36.0667,50.55,50.0,49,0,16.11,IR,1615014417
Springfield,37.2153,-93.2982,36.0,55,1,4.61,US,1615014417
Pozo Colorado,-23.4923,-58.7972,71.1,70,0,3.58,PY,1615014418
Honningsvåg,70.9821,25.9704,30.2,97,100,9.51,NO,1615014418
Luau,-10.7073,22.2247,71.85,85,25,2.28,AO,1615014418
Bambous Virieux,-20.3428,57.7575,86.0,62,40,11.5,MU,1615014419
Anloga,5.7947,0.8973,82.4,83,20,6.91,GH,1615014205
Kargasok,59.0556,80.8572,28.54,98,100,13.02,RU,1615014419
Dikson,73.5069,80.5464,-27.4,86,87,12.93,RU,1615014420
Alta Floresta,-9.8756,-56.0861,70.56,97,83,0.65,BR,1615014420
Port Elizabeth,-33.918,25.5701,71.6,78,20,10.36,ZA,1615014420
Vestmanna,62.1564,-7.1664,42.8,87,75,12.66,FO,1615014421
Siaya,0.0612,34.2882,78.84,47,89,6.17,KE,1615014421
Porto-Novo,6.4965,2.6036,84.2,84,40,12.66,BJ,1615014421
Ilulissat,69.2167,-51.1,19.4,86,90,10.36,GL,1615014422
Zatoka,46.0725,30.4654,33.8,80,75,13.42,UA,1615014422
Scottsboro,34.6723,-86.0341,43.0,44,100,7.65,US,1615014297
Stornoway,58.2093,-6.3865,41.0,87,75,14.97,GB,1615014423
Coquimbo,-29.9533,-71.3436,59.0,94,0,1.14,CL,1615014423
East London,-33.0153,27.9116,69.8,83,75,9.22,ZA,1615014424
Nioki,-2.7167,17.6833,70.02,97,100,5.77,CD,1615014424
Rio Verde de Mato Grosso,-18.9181,-54.8442,70.45,96,100,5.1,BR,1615014424
Jalu,29.0331,21.5482,63.27,29,0,18.01,LY,1615014425
Lüderitz,-26.6481,15.1594,75.06,34,0,9.98,NA,1615014425
Jacqueville,5.2052,-4.4146,75.2,100,20,12.12,CI,1615014426
Lebu,-37.6167,-73.65,55.11,93,6,7.11,CL,1615014426
Grand Gaube,-20.0064,57.6608,84.99,69,100,5.99,MU,1615014426
Port Alfred,-33.5906,26.891,73.99,81,0,8.99,ZA,1615014427
Vastseliina,57.7303,27.2932,17.6,79,0,2.24,EE,1615014427
Kruisfontein,-34.0033,24.7314,73.99,70,0,1.99,ZA,1615014427
Hambantota,6.1241,81.1185,91.4,62,40,8.05,LK,1615014428
Izhma,65.0083,53.9113,-4.52,90,100,4.65,RU,1615014428
Mossamedes,-15.1961,12.1522,75.2,73,0,8.05,AO,1615014428
Antofagasta,-23.65,-70.4,64.4,88,0,1.14,CL,1615014428
Kajaani,64.2273,27.7285,15.8,86,100,13.8,FI,1615014429
Juradó,7.1053,-77.7641,72.61,82,0,6.26,CO,1615014429
Maniitsoq,65.4167,-52.9,26.8,98,93,6.67,GL,1615014429
Tandaltī,13.0167,31.8667,79.88,17,0,15.08,SD,1615014430
Bathsheba,13.2167,-59.5167,77.0,69,40,16.11,BB,1615014430
Iralaya,15.0,-83.2333,74.77,74,4,5.55,HN,1615014430
Salalah,17.0151,54.0924,86.0,42,0,5.75,OM,1615014431
Korla,41.7597,86.1469,50.7,44,2,1.52,CN,1615014431
Saint-Philippe,-21.3585,55.7679,87.8,58,0,10.36,RE,1615014432
Chui,-33.6971,-53.4616,65.21,79,100,6.93,UY,1615014432
Santa Cruz,30.4202,-9.5982,55.4,100,20,10.36,MA,1615014257
Ust'-Kulom,61.6864,53.6902,3.49,92,100,4.81,RU,1615014433
Gilgit,35.9221,74.3087,47.53,44,100,1.57,PK,1615014433
Walvis Bay,-22.9575,14.5053,68.0,94,48,9.22,NA,1615014421
Morro da Fumaça,-28.6508,-49.21,66.52,94,41,4.68,BR,1615014434
Lagoa,39.05,-27.9833,58.93,84,100,12.66,PT,1615014434
Saint-François,46.4154,3.9054,35.01,93,90,1.14,FR,1615014434
Hithadhoo,-0.6,73.0833,84.13,59,0,2.59,MV,1615014435
Suşehri,40.1644,38.0867,39.31,64,3,4.07,TR,1615014435
Luxor,25.6989,32.6421,59.0,44,0,4.61,EG,1615014364
Bonavista,48.6499,-53.1147,32.0,80,0,8.05,CA,1615014435
Arraial do Cabo,-22.9661,-42.0278,77.65,86,92,4.38,BR,1615014281
Vagay,57.9375,69.0217,16.83,96,100,11.61,RU,1615014436
Methóni,36.8197,21.7049,57.0,81,20,2.53,GR,1615014436
Bytów,54.1706,17.4919,33.01,95,11,5.01,PL,1615014339
Mirandopólis,-21.1336,-51.1017,68.61,99,100,8.43,BR,1615014437
Kirkland Lake,48.1446,-80.0377,10.4,72,100,11.54,CA,1615014437
Westport,41.1415,-73.3579,32.0,47,90,10.36,US,1615014438
Itarema,-2.9248,-39.9167,77.79,83,55,8.61,BR,1615014438
Cockburn Town,21.4612,-71.1419,77.7,73,3,1.54,TC,1615014439
Puerto Lempira,15.2667,-83.7667,70.07,79,0,3.38,HN,1615014439
Crawfordsville,40.0411,-86.8745,28.99,64,1,6.22,US,1615014223
Bereda,43.2686,-7.5406,41.0,100,94,3.0,ES,1615014440
Traverse City,44.7631,-85.6206,30.2,69,20,8.05,US,1615014143
Camacha,33.0833,-16.3333,60.8,77,40,26.46,PT,1615014440
Chittaurgarh,24.8833,74.6333,96.06,10,0,11.97,IN,1615014441
Iquitos,-3.7481,-73.2472,75.2,94,20,0.69,PE,1615014441
Husavik,66.0449,-17.3389,33.8,93,90,7.72,IS,1615014441
Balkhash,46.844,74.9804,30.2,80,0,13.42,KZ,1615014442
Gusau,12.1628,6.6614,74.88,18,42,16.06,NG,1615014442
Chenôve,47.2932,5.0046,32.0,80,0,9.22,FR,1615014442
Los Llanos de Aridane,28.6585,-17.9182,62.6,67,0,20.71,ES,1615014442
Buncrana,55.1333,-7.45,31.51,95,74,6.67,IE,1615014443
Iquique,-20.2208,-70.1431,69.8,68,0,3.44,CL,1615014443
Belyy Yar,53.6039,91.3903,33.8,51,0,13.42,RU,1615014443
Mitú,1.1983,-70.1733,71.46,97,93,2.39,CO,1615014443
Chervona Sloboda,49.3789,32.1464,25.99,95,3,11.59,UA,1615014444
Torbay,47.6666,-52.7314,30.99,93,90,12.66,CA,1615014444
Bahía Blanca,-38.7196,-62.2724,60.98,53,0,5.06,AR,1615014444
Praia da Vitória,38.7333,-27.0667,57.0,87,20,8.03,PT,1615014445
Rodrigues Alves,-7.738,-72.6509,71.96,96,100,1.9,BR,1615014445
Dęblin,51.5591,21.8483,35.01,51,0,9.73,PL,1615014446
Peniche,39.3558,-9.3811,55.0,87,0,5.46,PT,1615014446
Voyvozh,62.892,54.9635,-2.96,91,100,4.65,RU,1615014446
Bantry,51.6833,-9.45,39.2,70,75,6.91,IE,1615014446
Mporokoso,-9.3727,30.125,69.8,87,100,4.03,ZM,1615014447
Hofn,64.2539,-15.2082,39.56,68,99,4.59,IS,1615014193
Armentières,50.6857,2.8821,30.99,88,62,4.0,FR,1615014447
Sechura,-5.5569,-80.8222,77.27,68,100,5.91,PE,1615014447
Krasnosel'kup,65.7,82.4667,12.09,94,100,1.7,RU,1615014448
Cartagena del Chairá,1.3349,-74.8429,71.56,95,2,1.12,CO,1615014448
Vila Velha,-20.3297,-40.2925,81.0,78,0,10.36,BR,1615014219
Bonthe,7.5264,-12.505,78.04,90,88,4.59,SL,1615014448
Curvelo,-18.7564,-44.4308,68.0,93,100,2.19,BR,1615014449
Tasiilaq,65.6145,-37.6368,24.8,86,90,42.57,GL,1615014449
Kedrovyy,56.1667,91.8167,30.2,59,40,20.13,RU,1615014449
Rochegda,62.8,43.25,1.74,93,100,3.04,RU,1615014449
Yerköy,39.6381,34.4672,49.14,47,100,4.36,TR,1615014450
Souillac,-20.5167,57.5167,86.0,62,40,11.5,MU,1615014450
Tokonou,9.65,-9.7833,74.35,81,88,7.27,GN,1615014450
Ţahţā,26.7693,31.5021,51.8,50,0,6.91,EG,1615014451
Oksovskiy,62.6062,39.8984,6.91,94,32,3.69,RU,1615014451
Innerleithen,55.6193,-3.063,35.01,68,20,1.01,GB,1615014452
Yanam,16.7333,82.2167,89.6,40,0,14.97,IN,1615014452
Örnsköldsvik,63.2909,18.7153,33.8,93,20,14.97,SE,1615014452
Loíza,18.4313,-65.8802,78.8,73,40,7.2,PR,1615014453
Houma,29.5958,-90.7195,60.01,100,90,10.36,US,1615014407
Presidente Médici,-11.1753,-61.9014,71.85,96,100,2.73,BR,1615014453
Coyhaique,-45.5752,-72.0662,46.49,59,9,6.26,CL,1615014453
Dhārchula,29.85,80.5333,76.78,16,0,6.33,IN,1615014454
Gravdal,68.1214,13.5031,23.25,91,100,32.64,NO,1615014454
Takoradze,4.8845,-1.7554,79.61,86,100,9.37,GH,1615014455
Hong Kong,22.2855,114.1577,73.0,89,75,9.84,HK,1615014455
Saint-Joseph,-21.3667,55.6167,87.8,58,0,10.36,RE,1615014455
Mazagão,-0.115,-51.2894,75.2,100,75,3.44,BR,1615014456
Zyryanovsk,49.7386,84.2719,21.24,93,42,0.56,KZ,1615014456
Batangafo,7.3008,18.2833,81.97,16,0,4.27,CF,1615014457
Oistins,13.0667,-59.5333,77.0,69,40,16.11,BB,1615014457
Āreka,7.0667,37.7,75.63,33,100,9.95,ET,1615014457
Semey,50.4111,80.2275,24.8,74,0,15.66,KZ,1615014458
Mānsa,29.9833,75.3833,93.11,10,0,9.31,IN,1615014458
Andenes,69.3143,16.1194,23.0,79,100,25.32,NO,1615014458
Pūranpur,28.5167,80.15,88.74,12,0,8.48,IN,1615014458
Fort Abbas,29.1925,72.8536,93.25,10,0,8.48,PK,1615014459
Bulqizë,41.4917,20.2219,50.0,81,40,6.91,AL,1615014459
Saint-Pierre,-21.3393,55.4781,87.8,58,0,10.36,RE,1615014459
Marzuq,14.4,46.4667,79.65,16,0,13.24,YE,1615014459
Departamento de Maldonado,-34.6667,-54.9167,68.0,68,75,9.22,UY,1615014460
Margate,51.3813,1.3862,39.99,62,99,1.99,GB,1615014460
Huancabamba,-5.2386,-79.4506,59.52,82,100,2.98,PE,1615014460
Yar-Sale,66.8333,70.8333,3.54,93,100,5.55,RU,1615014460
Oriximiná,-1.7656,-55.8661,73.13,95,100,2.89,BR,1615014461
Atar,20.5169,-13.0499,62.2,44,1,12.75,MR,1615014461
Plettenberg Bay,-34.0527,23.3716,75.07,50,0,1.25,ZA,1615014461
Mahébourg,-20.4081,57.7,86.0,62,40,11.5,MU,1615014461
Paamiut,61.994,-49.6678,30.96,88,100,9.22,GL,1615014462
Viedma,-40.8135,-62.9967,62.4,68,0,15.3,AR,1615014462
Pangnirtung,66.1451,-65.7125,3.47,88,100,1.92,CA,1615014462
Kavaratti,10.5669,72.642,82.85,59,1,5.64,IN,1615014462
Malé,4.1748,73.5089,89.6,66,20,11.5,MV,1615014463
Soria,41.6667,-2.6667,34.77,89,0,3.31,ES,1615014463
Opuwo,-18.0607,13.84,78.75,36,0,10.2,NA,1615014463
Kočevje,45.6433,14.8633,33.01,76,0,1.99,SI,1615014463
San Cristobal,7.7669,-72.225,66.34,73,33,1.9,VE,1615014201
Adrar,20.5022,-10.0711,62.51,27,0,11.21,MR,1615014464
Esmeraldas,-19.7625,-44.3139,73.4,78,75,1.63,BR,1615014464
Sisimiut,66.9395,-53.6735,13.87,95,100,11.1,GL,1615014464
Kangaatsiaq,68.3065,-53.4641,7.9,94,100,7.4,GL,1615014465
Thinadhoo,0.5333,72.9333,84.47,60,0,4.61,MV,1615014465
Yenagoa,4.9247,6.2642,80.56,84,100,4.59,NG,1615014465
Bosilegrad,42.5011,22.4724,39.99,66,100,7.85,RS,1615014466
Pisco,-13.7,-76.2167,71.6,88,0,6.91,PE,1615014279
Faya,18.3851,42.4509,69.8,14,0,6.91,SA,1615014466
Onega,63.9061,38.1404,7.09,95,98,3.98,RU,1615014466
Luanda,-8.8368,13.2343,80.6,83,20,3.44,AO,1615014331
Turukhansk,65.8167,87.9833,17.96,97,100,8.63,RU,1615014467
Sargatskoye,55.6101,73.4972,26.87,94,100,22.3,RU,1615014467
Hamilton,39.1834,-84.5333,34.0,55,1,6.91,US,1615014331
Aswān,24.0934,32.907,67.44,31,0,13.27,EG,1615014468
Sūsangerd,31.5608,48.1831,66.2,52,0,9.22,IR,1615014468
Ndélé,8.4109,20.6473,82.18,15,2,11.83,CF,1615014468
Taltal,-25.4,-70.4833,64.54,80,14,1.45,CL,1615014469
Praia,14.9215,-23.5087,69.8,68,0,17.27,CV,1615014469
Kiryat Gat,31.61,34.7642,62.01,51,0,1.99,IL,1615014469
Manakara,-22.1333,48.0167,77.27,86,100,7.0,MG,1615014470
Ostrovnoy,68.0531,39.5131,6.15,93,91,12.91,RU,1615014470
Pokhara,28.2333,83.9833,79.74,16,0,7.45,NP,1615014470
Henties Bay,-22.116,14.2845,69.01,87,32,5.99,NA,1615014471
Zaraysk,54.7653,38.8836,17.01,83,48,6.55,RU,1615014471
Tamale,9.4008,-0.8393,80.38,68,100,8.46,GH,1615014471
Owando,-0.4819,15.8999,75.72,87,100,5.7,CG,1615014472
Sørland,67.667,12.6934,25.5,91,100,36.01,NO,1615014473
Neos Marmaras,40.1,23.7833,57.99,40,71,5.01,GR,1615014473
Nobres,-14.7203,-56.3275,70.47,95,98,1.54,BR,1615014474
Asilah,35.465,-6.0348,59.0,88,75,11.5,MA,1615014474
Harper,4.375,-7.7169,78.33,86,100,4.29,LR,1615014275
Bengkulu,-3.8004,102.2655,82.63,81,97,7.67,ID,1615014218
Taoudenni,22.6783,-3.9836,65.43,25,0,8.99,ML,1615014474
Iqaluit,63.7506,-68.5145,-4.0,77,75,27.63,CA,1615014475
Safaga,26.7292,33.9365,62.6,34,0,9.22,EG,1615014475
Methala,10.2166,76.2166,93.2,43,93,3.44,IN,1615014475
San Francisco,37.7749,-122.4194,51.01,81,90,27.63,US,1615014297
Garissa,-0.4536,39.6401,84.81,46,0,6.71,KE,1615014476
Yārāda,17.65,83.2667,96.8,20,0,10.36,IN,1615014476
Micheweni,-4.9667,39.8333,82.65,68,100,7.72,TZ,1615014476
Orangeburg,33.4918,-80.8557,50.0,43,90,8.05,US,1615014476
Oktyabr'skoye,43.0645,44.7417,48.2,46,0,2.24,RU,1615014477
Bud,39.447,-86.1758,33.01,69,0,4.68,US,1615014477
San Joaquin,37.9333,-121.3011,55.0,58,1,8.05,US,1615014478
Milyutinskaya,48.6279,41.6679,33.3,96,100,10.25,RU,1615014478
Moose Factory,51.2585,-80.6094,6.8,78,90,13.8,CA,1615014478
Mumford,5.2618,-0.759,80.53,84,100,11.25,GH,1615014478
Marfino,55.7028,37.3822,16.0,79,0,4.47,RU,1615014479
Venado Tuerto,-33.7456,-61.9688,57.0,60,0,5.41,AR,1615014479
Sur,22.5667,59.5289,90.95,26,0,7.14,OM,1615014479
Miraflores,19.2167,-98.8083,64.4,36,1,5.75,MX,1615014480
Épinal,48.1833,6.45,26.6,86,0,6.91,FR,1615014240
Vila Franca do Campo,37.7167,-25.4333,51.8,87,20,5.75,PT,1615014480
Zaysan,47.4667,84.8667,25.48,92,0,0.65,KZ,1615014480
Waldheim,51.0667,13.0167,28.0,94,0,7.94,DE,1615014481
Kaithal,29.8,76.3833,91.92,10,0,11.27,IN,1615014481
Sarankhola,22.3082,89.7897,97.02,20,0,14.79,BD,1615014481
Prieska,-29.6641,22.7474,80.6,15,0,10.04,ZA,1615014482
Tarauacá,-8.1614,-70.7656,72.01,96,100,1.3,BR,1615014482
Puerto El Triunfo,13.2833,-88.55,71.6,88,0,1.14,SV,1615014482
Kutum,14.2,24.6667,67.64,21,0,8.93,SD,1615014482
Jashpurnagar,22.9,84.15,89.67,10,0,11.68,IN,1615014373
Gornopravdinsk,60.05,69.9,17.89,96,99,5.59,RU,1615014483
Dingle,10.9995,122.6711,85.08,61,40,14.12,PH,1615014483
Ozinki,51.1786,49.6769,22.86,96,100,4.09,RU,1615014484
Nioro,13.35,-15.75,67.5,32,10,3.85,GM,1615014484
Elizabeth City,36.2946,-76.2511,33.01,80,1,3.44,US,1615014485
Lisala,2.15,21.5167,84.16,45,100,2.06,CD,1615014485
Orsha,54.5153,30.4053,21.2,86,0,7.14,BY,1615014485
Abalak,58.1286,68.5944,15.49,96,100,12.21,RU,1615014485
Bandarbeyla,9.4942,50.8122,80.29,59,85,16.28,SO,1615014486
Isla Mujeres,21.2311,-86.731,77.0,88,40,6.91,MX,1615014486
San Andrés,12.5847,-81.7006,75.2,73,20,4.61,CO,1615014384
Kita,13.0349,-9.4895,73.27,24,100,2.84,ML,1615014486
Moravské Budějovice,49.0521,15.8086,28.0,80,0,11.5,CZ,1615014487
Lipin Bor,60.2622,37.9763,5.9,95,65,4.34,RU,1615014487
Niquelândia,-14.4739,-48.4597,69.22,94,100,2.46,BR,1615014487
Ardahan,41.1087,42.7022,25.18,87,0,2.73,TR,1615014488
Halifax,44.6453,-63.5724,23.0,74,96,12.66,CA,1615014482
Aracati,-4.5617,-37.7697,77.9,85,94,7.56,BR,1615014488
Inhambane,-23.865,35.3833,80.6,78,40,4.61,MZ,1615014489
Ponta Delgada,37.7333,-25.6667,51.8,87,20,5.75,PT,1615014489
Muros,42.7762,-9.0603,48.99,75,9,8.01,ES,1615014489
Bariloche,-41.1456,-71.3082,66.2,59,0,13.8,AR,1615014489
Aksu,41.1231,80.2644,52.47,42,91,8.05,CN,1615014490
Kang,-23.6752,22.7876,80.98,34,11,5.1,BW,1615014490
Constantine,36.365,6.6147,41.0,93,20,2.3,DZ,1615014219
Severnoye,56.3491,78.3619,31.39,98,100,23.67,RU,1615014490
Valkeala,60.9401,26.7979,19.99,86,20,8.05,FI,1615014491
Cabedelo,-6.9811,-34.8339,75.2,100,20,4.61,BR,1615014433
Safi,32.2994,-9.2372,57.09,79,83,7.54,MA,1615014491
Cap Malheureux,-19.9842,57.6142,84.99,69,100,5.99,MU,1615014492
Nurota,40.5614,65.6886,46.4,81,90,2.3,UZ,1615014261
Kozlovka,55.8428,48.2492,15.8,67,0,8.95,RU,1615014493
Muli,2.9167,73.5667,83.14,72,6,10.76,MV,1615014494
Darnah,32.767,22.6367,63.12,41,74,21.3,LY,1615014494
San Pedro de Macorís,18.4616,-69.2972,69.8,94,20,4.61,DO,1615014494
Morondava,-20.2833,44.2833,81.84,75,21,2.15,MG,1615014495
Kapuskasing,49.4169,-82.4331,10.4,56,100,12.66,CA,1615014495
San Luis,-33.295,-66.3356,72.86,45,0,15.39,AR,1615014495
Rio Grande,-32.035,-52.0986,61.0,92,85,10.07,BR,1615014496
Saldanha,-33.0117,17.9442,60.8,94,33,11.5,ZA,1615014496
Les Cayes,18.2,-73.75,71.17,80,0,3.04,HT,1615014496
Grimmen,54.1121,13.0405,30.99,93,75,8.05,DE,1615014496
Bubaque,11.2833,-15.8333,75.34,69,0,9.28,GW,1615014497
Bridlington,54.0831,-0.1919,35.01,85,98,5.48,GB,1615014497
Killybegs,54.6333,-8.45,36.0,81,73,5.99,IE,1615014497
Kurmanayevka,52.5093,52.0675,20.01,96,0,5.64,RU,1615014497
Senanga,-16.1167,23.2667,73.49,64,0,4.9,ZM,1615014498
Chissamba,-12.1667,17.3333,64.4,88,0,2.44,AO,1615014498
Narsaq,60.9167,-46.05,42.8,33,90,16.11,GL,1615014498
Rocha,-34.4833,-54.3333,66.09,76,100,6.15,UY,1615014498
Marabba,12.35,32.1833,83.05,15,0,14.85,SD,1615014499
Ancud,-41.8697,-73.8203,57.0,100,90,9.22,CL,1615014499
Libenge,3.65,18.6333,84.13,26,17,2.71,CD,1615014499
Puerto del Rosario,28.5004,-13.8627,62.6,67,20,9.22,ES,1615014499
Luís Correia,-2.8792,-41.6669,76.37,88,100,9.35,BR,1615014500
Karpathos,35.507,27.2132,60.8,77,40,9.22,GR,1615014500
Volterra,43.4003,10.86,50.0,80,32,5.01,IT,1615014500
Alibag,18.6411,72.8792,89.6,55,0,7.7,IN,1615014501
Nortelândia,-14.4547,-56.8028,69.82,96,99,1.07,BR,1615014501
Tarpon Springs,28.1461,-82.7568,60.01,72,100,4.61,US,1615014501
Tefé,-3.3542,-64.7114,71.92,97,99,1.63,BR,1615014501
Pangody,65.85,74.4859,7.59,95,95,2.44,RU,1615014502
Tocopilla,-22.092,-70.1979,68.85,72,0,2.93,CL,1615014502
Goya,-29.14,-59.2626,65.48,78,0,4.7,AR,1615014502
Port-Gentil,-0.7193,8.7815,78.8,94,40,2.3,GA,1615014503
Duki,30.1541,68.5728,79.83,16,0,10.47,PK,1615014503
Verāval,20.9,70.3667,87.37,35,0,12.59,IN,1615014503
Polyarny,69.1989,33.4478,17.6,86,75,11.18,RU,1615014503
Tarabuco,-19.1667,-64.9167,40.32,100,26,0.27,BO,1615014504
Doha,25.2867,51.5333,73.4,49,0,13.8,QA,1615014441
Guapó,-16.8306,-49.5319,69.8,94,0,2.3,BR,1615014504
Arrondissement de Saint-Quentin,49.8333,3.3333,30.99,80,0,11.5,FR,1615014505
Mananjary,-21.2167,48.3333,76.39,90,98,11.16,MG,1615014505
Mopipi,-21.1833,24.8833,80.28,40,9,11.01,BW,1615014505
Kuvandyk,51.4781,57.3552,27.09,93,7,3.69,RU,1615014505
Paranaíba,-19.6772,-51.1908,69.89,92,99,3.69,BR,1615014506
Florianópolis,-27.6146,-48.5012,73.0,94,20,2.3,BR,1615014506
Purpe,64.4803,76.6897,14.31,95,97,3.85,RU,1615014506
Leshukonskoye,64.8989,45.7622,-5.69,90,86,2.68,RU,1615014507
Goma,-1.6792,29.2228,68.67,75,92,1.92,CD,1615014507
Moyale,3.5167,39.0584,82.65,29,58,20.58,KE,1615014507
Bargarh,21.3333,83.6167,95.4,10,1,8.08,IN,1615014508
Quelimane,-17.8786,36.8883,78.8,100,40,4.61,MZ,1615014508
Jodhpur,26.2867,73.03,95.34,15,0,17.87,IN,1615014508
Salekhard,66.53,66.6019,-0.72,88,72,2.39,RU,1615014509
Beloha,-25.1667,45.05,83.3,63,34,11.12,MG,1615014509
Mallaig,54.2169,-111.3685,30.2,86,100,9.22,CA,1615014509
Maceió,-9.6658,-35.7353,71.6,94,0,4.61,BR,1615014282
Isabela,6.7085,121.9711,87.8,66,75,6.91,PH,1615014510
Riyadh,24.6877,46.7219,64.4,29,0,11.5,SA,1615014421
Kampene,-3.6,26.6667,68.67,98,100,0.54,CD,1615014511
Grahamstown,-33.3042,26.5328,73.99,81,0,8.99,ZA,1615014511
Portree,57.4129,-6.1942,39.0,83,90,13.0,GB,1615014512
Challapata,-18.9,-66.7667,42.31,74,33,5.35,BO,1615014512
Contamana,-7.3333,-75.0167,72.46,96,100,1.21,PE,1615014512
Dwārka,22.2394,68.9678,82.94,49,0,10.18,IN,1615014513
Sumbe,-11.2061,13.8437,78.66,83,100,5.06,AO,1615014513
Novi Pazar,43.1367,20.5122,36.86,80,100,5.5,RS,1615014514
Jumla,29.2747,82.1838,62.71,24,0,6.89,NP,1615014514
Shepsi,44.0361,39.1489,50.99,57,82,19.75,RU,1615014514
St. George's,12.0564,-61.7485,78.8,78,20,19.57,GD,1615014515
Rincon,32.296,-81.2354,53.6,71,1,8.05,US,1615014515
Aripuanã,-9.1667,-60.6333,72.23,94,93,1.03,BR,1615014481
Tonantins,-2.8731,-67.8022,72.3,96,76,1.05,BR,1615014515
Noyabrsk,63.1994,75.4507,16.47,96,90,5.26,RU,1615014516
Chapais,49.7834,-74.8492,6.8,85,90,12.66,CA,1615014516
Klaksvík,62.2266,-6.589,42.8,87,75,12.66,FO,1615014516
Ust-Tsilma,65.441,52.1498,-5.98,89,99,4.32,RU,1615014517
Thompson,55.7435,-97.8558,6.8,85,20,2.3,CA,1615014518
Kayes,14.0,-11.0,75.97,21,7,4.43,ML,1615014518
Brønnøysund,65.4625,12.1997,33.8,93,90,25.32,NO,1615014519
Mayor Pablo Lagerenza,-19.9309,-60.7718,71.35,81,78,5.28,PY,1615014519
Kraśnik,50.9236,22.2271,30.0,93,75,8.05,PL,1615014519
Ratne,51.6683,24.5303,28.4,80,75,8.95,UA,1615014520
Saint-Louis,16.3333,-15.0,75.2,27,0,10.87,SN,1615014520
Matadi,-5.8167,13.45,81.27,85,100,4.85,CD,1615014520
Gouré,13.9835,10.2704,73.99,13,58,8.01,NE,1615014520
Raja,8.4596,25.678,78.06,16,7,7.9,SS,1615014521
Rafrāf,37.1904,10.1837,51.8,93,20,6.91,TN,1615014521
Leninsk,48.7119,45.1994,32.0,100,90,11.18,RU,1615014521
Manjeshwar,12.7194,74.8861,91.4,55,20,8.05,IN,1615014521
Uchaly,54.2996,59.4521,16.66,92,1,10.02,RU,1615014522
Priupskiy,53.9096,37.736,17.11,97,99,8.37,RU,1615014522
Conceição do Araguaia,-8.2578,-49.2647,72.25,96,100,1.3,BR,1615014522
Arlington,32.7357,-97.1081,52.0,66,40,12.66,US,1615014364
Vardø,70.3705,31.1107,23.43,96,100,17.85,NO,1615014523
Malinovoye Ozero,51.6753,79.7825,27.55,93,13,19.55,RU,1615014523
Castro,-24.7911,-50.0119,60.13,98,90,3.76,BR,1615014524
Cotacachi,0.3,-78.2667,53.6,94,75,1.14,EC,1615014524
Dhidhdhoo,6.8833,73.1,82.81,62,0,5.14,MV,1615014524
Macapá,0.0389,-51.0664,75.2,100,75,3.44,BR,1615014525
Kangāvar,34.5043,47.9653,41.0,60,20,6.91,IR,1615014525
Vavoua,7.3819,-6.4778,73.58,91,100,5.84,CI,1615014526
Mumbwa,-14.9783,27.0619,70.7,77,39,4.9,ZM,1615014526
Romitan,39.9343,64.3814,41.0,93,90,18.41,UZ,1615014526
Les Escoumins,48.1111,-69.0236,15.8,73,100,25.32,CA,1615014526
Villamontes,-21.25,-63.5,68.16,74,0,4.59,BO,1615014376
Āwash,8.9833,40.1667,81.41,32,20,10.07,ET,1615014527
Rāvar,31.2656,56.8055,63.01,26,0,4.63,IR,1615014527
Sovetskiy,61.3614,63.5842,13.87,95,99,5.57,RU,1615014527
Chirnside,55.8022,-2.2093,32.0,87,0,8.08,GB,1615014527
São Félix do Xingu,-6.6447,-51.995,70.81,96,99,0.54,BR,1615014528
Najrān,17.4924,44.1277,64.4,34,0,6.91,SA,1615014528
Zhezkazgan,47.8043,67.7144,26.47,94,4,5.7,KZ,1615014243
Ailigandí,9.2333,-78.0167,77.65,76,94,12.1,PA,1615014528
Marsh Harbour,26.5412,-77.0636,70.16,55,100,12.37,BS,1615014529
Meulaboh,4.1363,96.1285,83.26,73,93,0.83,ID,1615014529
Semnan,35.5729,53.3971,49.98,46,0,4.74,IR,1615014529
Tucupita,9.0622,-62.051,72.19,98,49,3.24,VE,1615014530
Normandin,48.8333,-72.5321,12.2,72,100,12.66,CA,1615014530
Puerto Baquerizo Moreno,-0.9,-89.6,79.14,77,5,4.97,EC,1615014530
Baixo Guandu,-19.5189,-41.0158,70.05,89,100,0.96,BR,1615014311
Makkah al Mukarramah,21.4267,39.8261,84.27,23,0,3.02,SA,1615014530
Lima,-12.0432,-77.0282,73.99,88,40,9.22,PE,1615014354
Jagüey Grande,22.5269,-81.1286,64.4,94,1,3.44,CU,1615014531
Vikulovo,56.8167,70.6107,19.87,95,100,17.78,RU,1615014531
Biograd na Moru,43.9433,15.4519,44.6,39,40,13.8,HR,1615014532
Ikon-Khalk,44.3051,41.9142,41.11,82,0,7.05,RU,1615014532
Beroroha,-21.6667,45.1667,84.51,69,0,1.9,MG,1615014532
Kedrovoye,57.1576,60.5698,19.4,68,40,15.66,RU,1615014533
Valparaíso,-33.0393,-71.6273,60.01,82,16,1.66,CL,1615014533
Maxixe,-23.8597,35.3472,80.6,78,40,4.61,MZ,1615014534
Berlevåg,70.8578,29.0864,22.66,93,100,13.04,NO,1615014534
Tsiroanomandidy,-18.7667,46.0333,76.46,75,42,6.17,MG,1615014534
Oxford,51.7522,-1.256,32.0,93,90,3.44,GB,1615014535
Kuusamo,65.9667,29.1833,6.8,92,40,8.05,FI,1615014535
Bayjī,34.9311,43.487,61.36,48,0,4.72,IQ,1615014381
Panama City,8.9936,-79.5197,73.4,83,90,4.61,PA,1615014641
Zelenoborskiy,66.845,32.3622,12.99,95,100,10.4,RU,1615014641
Lerwick,60.1545,-1.1494,42.8,81,75,26.46,GB,1615014641
Blackpool,53.8167,-3.05,37.0,80,75,5.75,GB,1615014554
Madīnat Sittah Uktūbar,29.8167,31.05,60.8,59,0,17.27,EG,1615014642
Gangoh,29.7667,77.25,90.09,10,0,12.84,IN,1615014642
Panjāb,34.388,67.0233,34.03,91,96,5.17,AF,1615014642
Laguna,38.421,-121.4238,53.6,71,1,4.61,US,1615014643
Xaxim,-26.9617,-52.5347,58.77,100,7,0.54,BR,1615014643
Barreirinha,-2.7933,-57.07,73.15,95,100,1.12,BR,1615014643
Provincie Utrecht,52.0,5.25,35.01,92,92,2.89,NL,1615014385
Kasane,-17.8167,25.15,71.6,56,0,12.66,BW,1615014644
Saint-Michel-des-Saints,46.6834,-73.9159,-1.71,90,95,7.61,CA,1615014644
Diego de Almagro,-26.3667,-70.05,57.22,73,0,0.78,CL,1615014644
Dondo,-19.6094,34.7431,80.6,78,75,9.22,MZ,1615014425
Key Largo,25.0865,-80.4473,73.0,62,1,3.44,US,1615014645
Māngrol,21.1167,70.1167,86.63,36,0,11.52,IN,1615014645
Khanbari,27.3747,87.2039,77.72,18,23,5.55,NP,1615014645
Ténenkou,14.4572,-4.9169,76.95,27,100,9.86,ML,1615014646
Mezen',65.8522,44.24,-8.34,90,1,1.9,RU,1615014646
Salym,60.0625,71.4789,20.34,97,100,4.18,RU,1615014647
Thetford Mines,46.0913,-71.3013,8.6,66,100,6.91,CA,1615014647
Kismayo,-0.3582,42.5454,83.28,64,0,16.84,SO,1615014647
Aden,12.7794,45.0367,79.05,65,0,10.92,YE,1615014530
Bouna,9.2667,-3.0,76.14,80,100,4.41,CI,1615014648
Tazovsky,67.4667,78.7,1.62,94,96,7.54,RU,1615014648
Carayaó,-25.1833,-56.4,66.7,91,0,2.42,PY,1615014649
Vilhena,-12.7406,-60.1458,68.25,99,100,1.7,BR,1615014615
Karoi,-16.8099,29.6925,69.17,87,7,5.97,ZW,1615014649
Caucayá,-0.1934,-74.7819,70.83,98,87,0.49,CO,1615014650
Cocobeach,1.0002,9.5823,78.8,94,75,5.75,GA,1615014650
Asmara,15.3333,38.9333,61.93,48,0,7.56,ER,1615014651
Shudayag,63.5266,53.6058,-2.65,90,88,4.03,RU,1615014651
Zhangaözen,43.3,52.8,44.74,56,0,9.46,KZ,1615014651
Scalea,39.813,15.7956,48.0,75,3,1.01,IT,1615014651
Derbent,42.0678,48.2899,49.1,49,0,10.74,RU,1615014583
Guru Har Sahāi,30.7167,74.4167,92.19,10,0,6.04,IN,1615014652
Tosno,59.54,30.8775,24.01,73,0,6.71,RU,1615014652
Snåase,64.2457,12.3778,37.4,87,75,20.71,NO,1615014653
Buriti dos Lopes,-3.175,-41.8669,72.82,95,100,3.89,BR,1615014653
Diamantino,-14.4086,-56.4461,69.08,94,63,1.63,BR,1615014653
Kibondo,-3.5864,30.7203,70.12,87,86,1.12,TZ,1615014654
Birjand,32.8663,59.2211,55.4,44,20,9.22,IR,1615014654
Lethem,3.3803,-59.7968,76.46,76,100,12.15,GY,1615014654
Evansville,37.9748,-87.5558,37.4,60,1,3.44,US,1615014550
Tyup,42.7276,78.3648,36.09,74,78,2.42,KG,1615014655
Asunción,-25.3007,-57.6359,71.6,100,0,2.3,PY,1615014477
Laas,46.6166,10.7002,36.0,86,0,4.61,IT,1615014656
Ust'-Kan,50.9276,84.761,25.81,86,66,9.86,RU,1615014656
Visby,57.6409,18.296,35.01,75,0,19.57,SE,1615014657
Puerto Nariño,-3.7703,-70.3831,75.2,100,40,5.75,CO,1615014657
Hīt,33.6416,42.8251,62.82,47,0,11.36,IQ,1615014657
Xaçmaz,41.4635,48.806,50.27,50,0,8.34,AZ,1615014429
Ormara,25.2088,64.6357,77.49,68,0,8.41,PK,1615014188
Barra de São Francisco,-18.755,-40.8908,67.78,91,100,0.49,BR,1615014658
Virginia Beach,36.8529,-75.978,39.2,64,75,3.44,US,1615014659
Buchanan,5.8808,-10.0467,75.2,94,40,4.07,LR,1615014659
Matara,5.9485,80.5353,87.46,55,58,6.24,LK,1615014659
Muhos,64.808,25.9931,23.0,86,90,9.22,FI,1615014659
Torit,4.4133,32.5678,87.6,33,97,3.91,SS,1615014660
Karasjok,69.4719,25.5112,28.4,74,75,27.63,NO,1615014660
Arrecife,28.963,-13.5477,59.0,88,75,14.97,ES,1615014660
Ati,13.2154,18.3353,79.41,16,64,13.44,TD,1615014660
Kharan,28.5833,65.4167,86.5,15,0,12.59,PK,1615014661
Bānkura,23.25,87.0667,95.97,10,0,7.99,IN,1615014661
Hauterive,46.0901,3.4459,35.01,86,0,3.44,FR,1615014661
Ubari,26.5921,12.7805,64.54,26,0,4.79,LY,1615014661
Usogorsk,63.4106,48.6872,-1.95,90,95,4.07,RU,1615014662
Kobryn,52.2138,24.3564,28.4,80,75,8.95,BY,1615014662
Bereket,39.2446,55.5154,45.61,81,100,2.37,TM,1615014662
Upata,8.0086,-62.3989,75.0,97,91,1.99,VE,1615014466
Severnyy,50.677,36.5532,30.2,74,0,11.18,RU,1615014663
Ous,60.9058,61.5186,15.91,95,100,6.71,RU,1615014663
Damaturu,11.747,11.9608,73.98,24,81,12.03,NG,1615014664
Mehamn,71.0357,27.8492,21.52,95,100,7.85,NO,1615014664
Tchamba,9.0333,1.4167,77.0,78,0,2.8,TG,1615014664
Aranos,-24.1333,19.1167,79.16,21,94,11.36,NA,1615014664
Burgos,42.3394,-3.7079,33.8,93,75,8.05,ES,1615014665
Puerto Cabezas,14.0351,-83.3888,72.52,83,12,3.42,NI,1615014665
Skibbereen,51.55,-9.2667,39.2,70,75,6.91,IE,1615014665
Jalingo,8.8833,11.3667,83.53,15,74,1.3,NG,1615014666
Santa Fe,-31.6333,-60.7,66.0,80,0,1.99,AR,1615014509
Vista Hermosa,19.5167,-99.2167,64.4,36,1,5.75,MX,1615014666
Belmonte,-15.8631,-38.8828,73.4,83,0,6.91,BR,1615014667
Kamenka,51.3223,42.7678,28.99,80,100,0.72,RU,1615014667
Nexø,55.0607,15.1306,35.6,80,2,11.5,DK,1615014668
Kourou,5.1552,-52.6478,79.0,94,90,9.35,GF,1615014668
San Javier,37.8063,-0.8374,55.4,88,40,9.22,ES,1615014668
Kasangulu,-4.5911,15.1708,75.2,100,90,18.41,CD,1615014669
Urengoy,65.9667,78.3667,14.47,95,100,2.59,RU,1615014669
Nizhniy Baskunchak,48.2198,46.8311,42.03,70,100,10.8,RU,1615014670
Karaton,-6.3424,106.1045,90.0,70,40,11.5,ID,1615014670
Fort Portal,0.6617,30.2748,76.57,52,100,2.55,UG,1615014670
Qaqortoq,60.7167,-46.0333,42.8,33,90,16.11,GL,1615014670
Nieuw Amsterdam,5.8833,-55.0833,75.99,92,51,1.01,SR,1615014671
Dabat,12.9842,37.765,66.76,43,23,7.94,ET,1615014671
Adwa,14.1646,38.8955,73.49,28,5,9.28,ET,1615014672
Cuamba,-14.8031,36.5372,74.59,87,87,2.93,MZ,1615014672
Saint-Leu,-21.15,55.2833,84.0,60,100,9.19,RE,1615014673
Baijiantan,45.6333,85.1833,32.54,88,3,8.12,CN,1615014673
Itacaré,-14.2775,-38.9967,73.4,94,20,4.61,BR,1615014673
Durban,-29.8579,31.0292,73.99,88,75,5.75,ZA,1615014418
Āsmār,35.0333,71.3581,67.69,22,100,4.7,AF,1615014675
Río de Jesús,7.9844,-81.1631,69.78,80,0,3.62,PA,1615014675
Gobabis,-22.45,18.9667,73.9,38,1,6.46,NA,1615014676
Paita,-5.0892,-81.1144,76.01,72,100,5.73,PE,1615014676
Rovaniemi,66.5,25.7167,17.6,93,90,10.36,FI,1615014677
Deer Lake,49.1667,-57.4316,19.4,86,90,2.3,CA,1615014677
Mikhaylovka,50.06,43.2379,30.99,93,100,8.99,RU,1615014677
Umluj,25.0213,37.2685,80.04,30,0,5.53,SA,1615014678
Oudtshoorn,-33.5907,22.2014,73.4,64,0,4.61,ZA,1615014678
Tessalit,20.1986,1.0114,72.61,22,85,6.38,ML,1615014678
Chirongui,-12.9319,45.1483,87.8,70,0,18.41,YT,1615014679
Caleta de Carquín,-11.0925,-77.6267,73.54,71,100,5.53,PE,1615014679
Neya,58.2972,43.8681,7.88,95,49,4.16,RU,1615014679
Ürümqi,43.801,87.6005,35.6,69,40,6.71,CN,1615014679
Garachiné,8.0647,-78.3628,75.07,83,33,11.21,PA,1615014680
Dāmghān,36.1683,54.348,47.03,52,1,7.52,IR,1615014434
Boromo,11.75,-2.9333,79.39,49,100,5.28,BF,1615014672
